/* Скрипт для заполнения таблицы user */
INSERT INTO "user" ("name", "surname", "patronymic")
VALUES
    ('Алексей', 'Иванов', 'Сергеевич'),
    ('Марина', 'Петрова', 'Александровна'),
    ('Дмитрий', 'Сидоров', 'Владимирович'),
    ('Екатерина', 'Кузнецова', 'Игоревна'),
    ('Игорь', 'Смирнов', 'Андреевич'),
    ('Анна', 'Новикова', 'Олеговна'),
    ('Сергей', 'Федоров', 'Анатольевич'),
    ('Людмила', 'Васильева', 'Николаевна'),
    ('Олег', 'Попов', 'Дмитриевич'),
    ('Наталья', 'Морозова', 'Сергеевна'),
    ('Андрей', 'Волков', 'Валерьевич'),
    ('Ольга', 'Зайцева', 'Константиновна'),
    ('Максим', 'Соловьёв', 'Евгеньевич'),
    ('Татьяна', 'Павлова', 'Алексеевна'),
    ('Владимир', 'Михайлов', 'Григорьевич'),
    ('Юлия', 'Семенова', 'Павловна'),
    ('Константин', 'Егоров', 'Романович'),
    ('Елена', 'Лебедева', 'Викторовна'),
    ('Николай', 'Козлов', 'Петрович'),
    ('Виктория', 'Кравцова', 'Ильинична');

/* Скрипт для заполнения таблицы user_passport */
INSERT INTO user_passport ("user_id", "passport_series", "passport_number", "date_of_birth",
                           "issued_by_whom", "department_code", "date_of_issue")
VALUES
    (1, '4501', '123456', '1985-04-12', 'УВД района Иваново', '770001', '2005-05-20'),
    (2, '4502', '654321', '1990-07-23', 'УВД района Петрово', '770002', '2010-06-15'),
    (3, '4503', '112233', '1978-11-05', 'УВД района Сидорово', '770003', '1998-12-01'),
    (4, '4504', '334455', '1995-03-18', 'УВД района Кузнецово', '770004', '2015-08-10'),
    (5, '4505', '556677', '1982-08-30', 'УВД района Смирново', '770005', '2002-09-25'),
    (6, '4506', '778899', '1993-06-14', 'УВД района Новиково', '770006', '2013-11-21'),
    (7, '4507', '990011', '1980-12-01', 'УВД района Федорово', '770007', '2000-04-30'),
    (8, '4508', '223344', '1975-09-10', 'УВД района Васильево', '770008', '1995-02-14'),
    (9, '4509', '445566', '1988-01-27', 'УВД района Попово', '770009', '2008-07-19'),
    (10, '4510', '667788', '1992-05-05', 'УВД района Морозово', '770010', '2012-03-08'),
    (11, '4511', '889900', '1981-10-17', 'УВД района Волково', '770011', '2001-06-11'),
    (12, '4512', '001122', '1996-02-02', 'УВД района Зайцево', '770012', '2016-09-09'),
    (13, '4513', '334477', '1983-07-21', 'УВД района Соловьево', '770013', '2003-05-18'),
    (14, '4514', '556688', '1991-11-11', 'УВД района Павлово', '770014', '2011-10-02'),
    (15, '4515', '778899', '1979-03-03', 'УВД района Михайлово', '770015', '1999-12-27'),
    (16, '4516', '001133', '1986-08-08', 'УВД района Семеново', '770016', '2006-01-15'),
    (17, '4517', '445577', '1994-12-22', 'УВД района Егорово', '770017', '2014-07-07'),
    (18, '4518', '667799', '1987-04-14', 'УВД района Лебедево', '770018', '2007-11-05'),
    (19, '4519', '889911', '1998-09-09', 'УВД района Козлово', '770019', '2018-06-21'),
    (20, '4520', '002244', '1999-06-06', 'УВД района Кравцово', '770020', '2019-03-30');

/* Скрипт для заполнения таблицы сервис */
INSERT INTO service ("one_time_service", "status", "type_of_resource", "name", "description", "cost",
                     "count_resources", "created_at", "updated_at")
VALUES (true, 'ACTIVE', 'SMS', 'Мега смс', 'Пакет из 300 СМС',
        300.0, 300, '2023-01-10 09:00:00', '2024-01-10 09:00:00'),

       (false, 'ACTIVE', 'MINUTES', 'Мега минуты', 'Пакет из 1000 минут',
        499.99, 1000, '2023-02-15 10:30:00', '2024-02-15 10:30:00'),

       (true, 'ACTIVE', 'GIGABYTES', 'Тайный Бонус', 'Скрытая услуга для особых клиентов - 5 Гб в подарок',
        199.99, 5, '2023-03-20 11:45:00', '2024-03-20 11:45:00'),

       (false, 'DELETED', 'SMS', 'СМС Пакет', 'Пакет из 500 СМС',
        99.99, 500, '2023-04-25 13:00:00', '2024-04-25 13:00:00'),

       (false, 'ACTIVE', 'GIGABYTES', 'Интернет 10 ГБ', 'Ежемесячный пакет мобильного интернета 10 ГБ',
        399.99, 10, '2023-05-30 14:15:00', '2024-05-30 14:15:00'),

       (true, 'ACTIVE', 'GIGABYTES', 'Разовый Интернет', 'Разовая покупка 1 ГБ интернета',
        49.99, 1, '2023-06-12 15:30:00', '2024-06-12 15:30:00'),

       (true, 'ACTIVE', 'GIGABYTES', 'Интернет 5 ГБ', 'Разовая покупка 5 ГБ интернета',
        230.99, 5, '2023-07-18 16:45:00', '2024-07-18 16:45:00'),

       (true, 'ACTIVE', 'SMS', 'Разовый СМС Пакет', 'Пакет из 100 СМС, единоразово',
        99.99, 100, '2023-08-22 17:50:00', '2024-08-22 17:50:00'),

       (true, 'DELETED', 'GIGABYTES', 'Интернет 10 ГБ', 'Разовая покупка 10 ГБ интернета',
        420.99, 10, '2023-09-27 18:05:00', '2024-09-27 18:05:00'),

       (true, 'ACTIVE', 'MINUTES', 'Бонусные Минуты', '200 минут в подарок',
        0.0, 200, '2023-10-05 19:20:00', '2024-10-05 19:20:00');

/* Скрипт для заполнения таблицы тариф */
INSERT INTO tariff (type, status, name, description, cost, created_at, updated_at)
VALUES ('FIXED', 'ACTIVE', 'Тариф "Стандартный"', 'Стандартный тариф для домашних пользователей',
        500.00,'2024-11-26', '2024-11-26'),
       ('FIXED', 'HIDDEN', 'Тариф "Премиум"', 'Премиум тариф с расширенными возможностями',
        1000.00,'2024-11-26', '2024-11-26'),
       ('CUSTOMIZABLE', 'ACTIVE', 'Тариф "Гибкий"', 'Гибкий тариф, который можно настроить под себя',
        750.00, '2024-11-26', '2024-11-26'),
       ('CUSTOMIZABLE', 'ACTIVE', 'Тариф "Семейный"', 'Семейный тариф для нескольких пользователей',
        1200.00, '2024-11-26', '2024-11-26'),
       ('FIXED', 'DELETED', 'Тариф "Базовый"', 'Базовый тариф для минимального использования',
        300.00, '2024-11-26', '2024-11-26'),
       ('CUSTOMIZABLE', 'ACTIVE', 'Тариф "Корпоративный"', 'Корпоративный тариф для бизнеса',
        1500.00, '2024-11-26', '2024-11-26'),
       ('FIXED', 'ACTIVE', 'Тариф "Эконом"', 'Экономичный тариф для бережливых пользователей',
        400.00, '2024-11-26', '2024-11-26'),
       ('CUSTOMIZABLE', 'HIDDEN', 'Тариф "Студенческий"', 'Специальный тариф для студентов с скидкой',
        600.00, '2024-11-26', '2024-11-26'),
       ('FIXED', 'ACTIVE', 'Тариф "VIP"', 'VIP тариф с максимальным обслуживанием и привилегиями',
        2000.00, '2024-11-26', '2024-11-26'),
       ('CUSTOMIZABLE', 'DELETED', 'Тариф "Пробный"', 'Пробный тариф на 30 дней без обязательств',
        0.00,'2024-11-26', '2024-11-26');

/* Скрипт для заполнения таблицы tariff resources */
INSERT INTO tariff_resources (tariff_id, count_minutes, cost_one_minute, steps_minutes, count_sms, cost_one_sms,
                              steps_sms, count_gigabytes, cost_one_gigabyte, steps_gigabytes)
VALUES (1, 500, 0.10, null, 1000, 0.05, null, 10.0, 5.00, null),
       (2, 300, 0.15, null, 500, 0.07, null, 5.0, 6.00, null),
       (3, NULL, 0.10, '[5, 10, 15, 20]', NULL, 0.05, '[100, 200]', NULL, 6.00, '[1.0, 2.0]'),
       (4, NULL, 0.10, '[5, 10, 15, 20]', NULL, 0.05, '[100, 200]', NULL, 6.00, '[1.0, 2.0]'),
       (5, 1000, 0.05, null, 2000 ,0.03, null,20.0 ,3.00, null),
       (6,NULL,0.15,'[5, 10, 15, 20]',NULL, 0.05,'[100, 200]',NULL,6.00,'[1.0, 2.0]'),
       (7 ,400 ,0.08,null,800 ,0.04,null,15.0 ,4.00,null),
       (8, NULL, 0.10, '[5, 10, 15, 20]', NULL, 0.05, '[100, 200]', NULL, 6.00, '[1.0, 2.0]'),
       (9, NULL, 0.10, '[5, 10, 15, 20]', NULL, 0.05, '[100, 200]', NULL, 6.00, '[1.0, 2.0]'),
       (10,NULL,0.15,'[5, 10, 15, 20]',NULL, 0.05,'[100, 200]',NULL,6.00,'[1.0, 2.0]');

/* Скрипт для заполнения таблицы phone number*/
INSERT INTO phone_number ("phone_number", "user_id", "balance")
VALUES
    ('79178901234', 7, 400.40),
    ('79178901235', 8, 150.00),
    ('79189012345', 9, 200.75),
    ('79189012346', 10, 300.30),
    ('79190123456', 11, 50.00),
    ('79190123457', 12, 75.25),
    ('79201234567', 13, 200.00),
    ('79201234568', 14, 125.10),
    ('79212345678', 15, 500.50),
    ('79212345679', 16, 600.00),
    ('79223456789', 17, 80.20),
    ('79223456790', 18, 20.00),
    ('79234567890', 19, 400.40),
    ('79234567891', 20, 150.00),
    ('79245678901', 1, 200.75),
    ('79245678902', 2, 300.30),
    ('79256789012', 3, 50.00),
    ('79256789013', 4, 75.25),
    ('79267890123', 5, 200.00),
    ('79267890124', 6, 125.10);

/* Скрипт для заполнения таблицы phone_number tariff*/
INSERT INTO phone_number_tariff (phone_number_id,tariff_id,is_active,date_of_start_period,date_of_end_period,
                                 remaining_minutes,remaining_sms,remaining_gigabytes,count_minutes_at_start_of_period,
                                 count_sms_at_start_of_period,count_gigabytes_at_start_of_period)
VALUES
    (1, 1, TRUE, '2024-11-26', '2024-12-26', 300, 1000, 5.0, 500, 1000, 10.0),
    (2, 1, TRUE, '2024-11-26', '2024-12-26', 250, 800, 3.0, 500, 1000, 10.0),
    (3, 2, TRUE, '2024-11-26', '2024-12-26', 50, 200, 1.5, 300, 500, 5.0),
    (4, 2, TRUE, '2024-11-26', '2024-12-26', 30, 100, 0.5, 300, 500, 5.0),
    (5, 3, TRUE, '2024-11-26', '2024-12-26', 20, 100, 1.0, 20, 100, 1.0),
    (6, 3, TRUE, '2024-11-26', '2024-12-26', 20, 100, 1.0, 20, 100, 1.0),
    (7, 4, TRUE, '2024-11-26', '2024-12-26', 10, 200, 2.0, 10, 200, 2.0),
    (8, 4, TRUE, '2024-11-26', '2024-12-26', 10, 200, 2.0, 10, 200, 2.0),
    (9 ,4 ,TRUE, '2024-11-26', '2024-12-26', 10, 200, 2.0, 10, 200, 2.0),
    (10 ,6 ,TRUE ,'2024-11-26','2024-12-26' ,5 ,100 ,1.0 ,5 ,100 ,1.0),
    (11 ,7 ,TRUE ,'2024-11-26','2024-12-26' ,200 ,600 ,15.0 ,400 ,800 ,15.0),
    (12 ,8 ,TRUE ,'2024-11-26','2024-12-26' ,5 ,100 ,1.0 ,5 ,100 ,1.0),
    (13 ,9 ,TRUE ,'2024-11-26','2024-12-26' ,150 ,400 ,10.0 ,150 ,400 ,12.0),
    (14 ,4,TRUE, '2024-11-26', '2024-12-26', 10, 200, 2.0, 10, 200, 2.0),
    (15 ,1 ,TRUE ,'2024-11-26','2024-12-26' ,250, 800, 3.0, 500, 1000, 10.0),
    (16 ,2,TRUE ,'2024-11-26','2024-12-26' ,30, 100, 0.5, 300, 500, 5.0),
    (17 ,3,TRUE ,'2024-11-26','2024-12-26',20, 100, 1.0, 20, 100, 1.0),
    (18 ,4,TRUE ,'2024-11-26','2024-12-26',10, 200, 2.0, 10, 200, 2.0),
    (19 ,4,TRUE, '2024-11-26', '2024-12-26', 10, 200, 2.0, 10, 200, 2.0),
    (20 ,6,TRUE ,'2024-11-26','2024-12-26',5 ,100 ,1.0 ,5 ,100 ,1.0);

/* Скрипт для заполнения таблицы phone_number service*/
INSERT INTO phone_number_service (
    phone_number_id,
    service_id,
    date_of_start_period,
    date_of_end_period,
    type_of_resource,
    remaining_resources
) VALUES
      (1, 1, '2024-11-26', '2024-12-26', 'SMS', 300.0),
      (1, 2, '2024-11-26', '2024-12-26', 'MINUTES', 1000.0),
      (2, 1, '2024-11-26', '2024-12-26', 'SMS', 300.0),
      (2, 3, '2024-11-26', '2024-12-26', 'GIGABYTES', 5.0),
      (3, 2, '2024-11-26', '2024-12-26', 'MINUTES', 1000.0),
      (3, 5, '2024-11-26', '2024-12-26', 'GIGABYTES', 1.0),
      (4, 6, '2024-11-26', '2024-12-26', 'GIGABYTES', 5.0),
      (5, 7, '2024-11-26', '2024-12-26', 'SMS', 100.0),
      (6, 8, '2024-11-26', '2024-12-26', 'GIGABYTES', 10.0),
      (7, 8, '2024-11-26', '2024-12-26', 'GIGABYTES', 10.0),
      (8, 10, '2024-11-26', '2024-12-26', 'GIGABYTES', 10.0),
      (9, 1, '2024-11-26', '2024-12-26', 'SMS', 300.0),
      (9, 3, '2024-11-26', '2024-12-26', 'GIGABYTES', 5.0),
      (10, 2, '2024-11-26', '2024-12-26', 'MINUTES', 1000.0),
      (11, 5,'2024-11-26', '2024-12-26', 'GIGABYTES', 1.0),
      (12, 6, '2024-11-26','2024-12-26', 'GIGABYTES', 5.0);